Type Model Evaluation,Accuracy,True positive,True negative,False positive,False negative,Precission,Recall,F1 Score
TOTAL performance Model,0.7312,2533,4779,232,2456,0.9160940325497288,0.5077169773501704,0.65334021150374
FEMALE performance Model,0.6922,3697,3225,274,2804,0.9309997481742635,0.5686817412705738,0.7060733384262795
MALE performance Model,0.7970422535211268,417,5242,97,1344,0.811284046692607,0.23679727427597955,0.36659340659340656
